Question,Chrome_Dreamy Response,DreamyGPT Response,NotebookDreamy Response,CreateAI_Dreamy Response
I'm confused. Am I supposed to determine X or is X a number already given in the mission memo? Since I need it for normal probability am I supposed to do that after everything else??,"It seems like you are working on a problem related to normal probability distributions. In this context, ""X"" is typically a value you are examining in relation to a given mean and standard deviation of a distribution. Here's a quick guide to help clarify:

Identify the Mean and Standard Deviation: You need these values, as they describe the center and the spread of your normal distribution.
Determine the Probability Ranges: Use these ranges â€” within one standard deviation (68.2% probability), two standard deviations (95.4%), and three standard deviations (99.7%).
Evaluate X: If X is provided, compare it to the mean to see how many standard deviations away it is.
Probability Assessment: Using the standard deviation and mean, assess the probability of X if needed. Is there any part of this that you'd like more details on? Maybe working on a specific example could help!","Good question â€” it sounds like youâ€™re in the middle of one of the Mission Memos where you model a biological system (like hatching success or population growth), and youâ€™re not sure what to do with X when calculating the normal probability.

Hereâ€™s how to think about it step-by-step:

Identify what â€œXâ€ represents.
In the tutorials and mission memos, â€œXâ€ always stands for the specific value youâ€™re testing â€” like a temperature, growth rate, or exam score.
It is not something you solve for (like in algebra), but rather a number you plug in to the probability formula.

Find X in your data or memo.
Usually, the mission memo will tell you something like:

â€œAt least 381 astelar pups must surviveâ€¦â€ or

â€œThe mean temperature on Beach 1 is 33Â°Câ€¦â€
That number is your X â€” the observed or target value that youâ€™ll evaluate the probability for using the NORM.DIST function.

Then, do the normal probability part after the modeling.
You first use your linear model to make a prediction (for example, predicted hatching success at each beach).
Once you have that prediction (your predicted mean), you then use normal probability to estimate the likelihood of getting that result or higher/lower.
In other words, yes â€” the normal probability step comes after your linear model prediction.

Hereâ€™s a quick check for you:

Have you already found your linear model (the slope, intercept, and standard deviation)?

And do you know which specific value (temperature, prey density, etc.) youâ€™re testing for probability?

If you tell me what your â€œXâ€ variable is in your assignment, I can walk you through how to decide which number to plug in and when.","That's a very focused question! It sounds like you are working on the first Scientific Reasoning assignment, where you are determining the quantity and quality of astelar eggs.
To start guiding your discovery, let's break down your question:
1. Is X (the observed value) given in the mission memo?
2. How does calculating the probability fit into the overall analysis?
First, let's focus on X. You are specifically looking for the ""observed value"" that you need to use in the norm.dist function, which represents the number of eggs laid in the current breeding season.
Based on the mission memo, what is the specific number of eggs laid by astelars during the current breeding season? Look closely at the start of Appendix 1 for that number.","Quick clarifying question: when you say ""X,"" do you mean the observed number of eggs for the current season (the 2,217 figure mentioned), or a different variable from the mission memo?

Reply with ""2217"" or ""other"" (and point to where it appears) and Iâ€™ll walk you through, stepâ€‘byâ€‘step, whether/when to compute the normal probability."
"I can get through the equation of figuring out the standard deviation and I understand all the parts of that. When it comes to the connection between standard deviation, mean and the normal probability deviation I am confused. How do I calculate in the 68%, 95% and 99.7%? Like what is the connection between those and the standard deviation 1,2,3 and the mean? Will every SD 1,2,3 be 68%, 95% and 99.7%? Or does each equation have different percentages? Or am I just way overthinking this?","Great questions! Let's break this down step-by-step to clarify these concepts for you.

Understanding the Normal Distribution: In a normal distribution, the mean determines the center, and the standard deviations (SD) measure how spread out the values are around the mean.
Standard Deviations and Percentages:
1 SD from the Mean: About 68% of the data falls within one standard deviation (SD) from the mean.
2 SDs from the Mean: About 95% of the data falls within two standard deviations.
3 SDs from the Mean: About 99.7% of the data falls within three standard deviations.
Connection: The percentages (68%, 95%, 99.7%, known as the Empirical Rule) are consistent in any normally distributed dataset, provided the data is normally distributed.
Application: When you calculate the standard deviation for your specific dataset, these percentages apply to your data as well. Meaning, you can predict what proportion of values fall within 1, 2, or 3 standard deviations of your calculated mean. Does that help clarify things? If you need more specific examples or further explanation, feel free to ask!","Thatâ€™s such a great question â€” and youâ€™re not overthinking it at all. This is exactly where most people get tangled up, because youâ€™re connecting two layers of ideas: what standard deviation means and how it links to probability.

Letâ€™s unpack this one small piece at a time:

ğŸŒŸ Step 1: What â€œmeanâ€ and â€œstandard deviationâ€ describe
The mean is the center of your data â€” the most typical value.

The standard deviation (SD) tells you how spread out your data are around that mean.

So:

About most of your data fall close to the mean.

Fewer points fall far from it.

ğŸŒŸ Step 2: What those 68%, 95%, and 99.7% represent
Those numbers come from the shape of the normal distribution â€” that classic bell curve.
They are universal properties of the normal curve, not special to your dataset.

That means for any normally distributed data:

~68% of values are within Â±1 SD of the mean

~95% are within Â±2 SD

~99.7% are within Â±3 SD

So yes â€” every normal distribution follows those same percentages.
Your particular mean or SD changes where those cutoffs are (the actual values), but the percentages themselves stay the same.

ğŸŒŸ Step 3: How to connect mean, SD, and probability
Letâ€™s say your data are hatching success rates with:

Mean = 80%

SD = 10%

Then:

1 SD from the mean = 70% to 90% â†’ contains about 68% of eggs

2 SD from the mean = 60% to 100% â†’ contains about 95%

3 SD from the mean = 50% to 110% (though weâ€™d cap it at 100%) â†’ about 99.7%

So, when you use the Excel function

=NORM.DIST(x, mean, standard_dev, TRUE)
youâ€™re finding the exact cumulative probability â€” but those 68/95/99.7 numbers are your quick â€œrules of thumbâ€ for whatâ€™s typical vs. rare.

ğŸŒŸ Step 4: Quick check for you
Can you tell me what your variable is (like growth rate, temperature, or exam score)?
Then we can walk through one example of how the 68â€“95â€“99.7 rule would look with your actual numbers.

Thatâ€™ll help you see the connection in action.","That is an excellent, fundamental question that gets right to the heart of statistics in biology! It sounds like you are navigating the concepts needed for the Scientific Reasoning assignments, which use normal probability.
To start, how much do you recall about the two key parameters that define a Normal Probability Distribution (NPD)? (Hint: One tells you the center, and one tells you the spread.)","Nice question â€” youâ€™re not overthinking it, and the confusion is common. Quick check before I dive in: what grade level or math background should I aim for (or shall I keep this at about 10thâ€‘grade level)? Also do you want a quick numeric example using your eggs data (if you already have mean and SD) or a simple madeâ€‘up example first?

Short answer (plain): if the data are well modeled by a normal (bellâ€‘shaped, symmetric) distribution, the percentages 68%, 95%, and 99.7% are fixed rules for how much of the data falls within 1, 2, and 3 standard deviations of the mean. They do not change with different means or standard deviations â€” mean moves the center, SD stretches or compresses the spread, but the proportion inside Â±1, Â±2, Â±3 SD stays the same for any perfect normal curve.

A bit more detail and how you use it

The intervals are:
Â±1 SD: from (mean âˆ’ 1Â·SD) to (mean + 1Â·SD) â†’ about 68% of values
Â±2 SD: from (mean âˆ’ 2Â·SD) to (mean + 2Â·SD) â†’ about 95% of values
Â±3 SD: from (mean âˆ’ 3Â·SD) to (mean + 3Â·SD) â†’ about 99.7% of values
These numbers come from the standard normal distribution and are universal for any normal distribution. So yes â€” for a normal distribution, 1 SD always corresponds roughly to 68%, 2 SD to 95%, etc.
If your data are NOT roughly normal (skewed, heavy tails, multimodal), those percentages need not hold. Thatâ€™s why you first check a histogram or do a normality assessment.
How to compute actual probabilities (practical)

To get the probability that X is â‰¤ some value a: use in Excel =NORM.DIST(a, mean, sd, TRUE).
To get probability between two values a and b: =NORM.DIST(b,mean,sd,TRUE) âˆ’ NORM.DIST(a,mean,sd,TRUE).
To get probability â‰¥ a: =1 âˆ’ NORM.DIST(a,mean,sd,TRUE).
Alternatively convert to z-score: z = (x âˆ’ mean)/sd and use the standard normal table or =NORM.S.DIST(z,TRUE).
Mnemonic

â€œ1â€‘2â€‘3 rule â†’ 68â€‘95â€‘99.7â€ (reads: one, two, three standard deviations give ~68%, 95%, and 99.7%).
Quick check for you Would you like me to: A) Walk through a short numeric example with madeâ€‘up numbers so you can practice the Excel formulas, or B) Help you apply this to your eggs data (Iâ€™ll ask for the mean and SD first)?

Reply with A or B (and give mean & SD if B) and Iâ€™ll guide you stepâ€‘byâ€‘step."
What does it mean to have a small vs. large standard deviation in a data set?,"The size of the standard deviation has significant implications for how data is spread around the mean in a dataset:

Small Standard Deviation:
Data points are close to the mean, indicating less variability.
The graph of a distribution with a small standard deviation is narrow and peaked.
Large Standard Deviation:
Data points are more spread out from the mean, indicating greater variability.
The graph of a distribution with a large standard deviation is wider and flatter. To put it simply, the standard deviation gives you an idea of how consistent or varied your data is compared to the average (mean). A smaller value suggests more consistency, while a larger value suggests more variability. Does that help clarify the concept?","Perfect follow-up â€” this is where the idea of spread becomes real.

Letâ€™s build this up slowly:

ğŸŒŸ Step 1: What standard deviation measures
Standard deviation measures how far the data points tend to be from the mean â€” on average.
Itâ€™s a way of saying, â€œHow tightly are my data clustered around the typical value?â€

ğŸŒŸ Step 2: Small vs. large SD
Situation        What it looks like        What it means
Small SD        Most points are close to the mean (a narrow, tall bell curve).        The variable is consistent â€” little variation. Example: all astelar eggs hatch around 80%.
Large SD        Points are spread widely around the mean (a flatter, wider bell curve).        The variable is variable â€” some values much higher or lower than the mean. Example: some astelar nests hatch 20%, others 90%.
ğŸŒŸ Step 3: Why it matters
A small SD â†’ more predictable outcomes.
A large SD â†’ more uncertainty or diversity in outcomes.

In your normal probability work, SD determines how â€œstretchedâ€ the 68â€“95â€“99.7% zones are:

With a small SD, Â±1 SD covers a small range of values.

With a large SD, Â±1 SD covers a bigger range.

Letâ€™s make this concrete:
Suppose mean hatching success = 80%.

SD        Range for Â±1 SD        Interpretation
5%        75%â€“85%        Most nests are about the same â€” hatching success is stable.
20%        60%â€“100%        Huge variation â€” some nests do great, others fail.
Can I ask â€” in your current data or mission memo, are you looking at hatching success, growth rate, or something else?
We can look at how the SD you found changes what the distribution would look like for your case.","That is a fantastic question, and it directly addresses the concept of uncertainty and spread in your data!
In the context of statistics and the assignments you are working on, the standard deviation (SD) is a parameter that specifically represents the uncertainty in the value of a variable.
Here is what having a small versus a large standard deviation means:
â€¢ Small Standard Deviation: This means there is less uncertainty in the value of the variable. The data points are clustered closely around the mean.
â€¢ Large Standard Deviation: This means there is greater uncertainty in the value of the variable. The data points are spread out farther from the mean.
The standard deviation is fundamentally how we quantify the spread of values from their mean.
Now, let's connect this back to your specific confusion about the percentages (68%, 95%, 99.7%) and the Normal Probability Distribution (NPD).
The relationship between the mean (the center) and the standard deviation (the spread) is what defines the NPD. In any Normal Probability Distribution, these percentages are fixed rules based on the standard deviation.
If 68.2% of the data falls within Â±1 standard deviation of the mean, what does that imply about the likelihood of observing a value close to the mean versus a value far away from the mean?","Good question â€” not hard once you see it visually. Iâ€™ll keep this at about a 10thâ€‘grade level; want a deeper or more technical explanation?

Short answer

Small standard deviation means the data points cluster tightly around the mean (less spread, more consistent).
Large standard deviation means the data are spread far from the mean (more variability, less predictable).
How to think about it

The mean tells you the center (typical value). The standard deviation (SD) tells you how far values typically lie from that center.
Example: two classes both have mean test score 75. If Class A has SD = 5, most students scored near 70â€“80. If Class B has SD = 15, scores are scattered widely (many far below or above 75).
Visual mnemonic: small SD â†’ a tall, narrow bell curve; large SD â†’ a short, wide bell curve.
Link to probabilities (useful rule)

For a normal (bellâ€‘shaped) distribution, about 68% of values fall within Â±1 SD of the mean, ~95% within Â±2 SD, and ~99.7% within Â±3 SD. So a small SD means a narrower interval around the mean contains most data.
When it matters

Small SD â†’ measurements are precise/consistent.
Large SD â†’ more variability or heterogeneous population; averages are less informative on their own.
Quick check (one short step) Tell me one mean and SD (for example your eggs data) and Iâ€™ll show you what the Â±1 SD and Â±2 SD ranges look like and what they mean in plain terms. Which dataset should I use?"
What is a residual?,"A residual is a measure used in statistical analysis to assess the differences between observed and predicted values. Here's a bit more detail:

Definition: A residual is the difference between an observed value and the value predicted by a model. It's calculated as:
Residual
=
Observed Value
âˆ’
Predicted Value
2. **Context**: Residuals are used in regression analysis to find out how well a model fits the data. 3. **Interpretation**: - If the residual is **close to zero**, it means the model's prediction is close to the actual data point. - Larger residuals indicate larger differences between the observed data and the model's prediction, suggesting a less accurate model. 4. **Use**: By analyzing residuals, we can assess model accuracy and identify any patterns or outliers that might exist. I hope this helps! If you'd like to see an example or delve deeper into residuals, let me know!","Excellent â€” this question shows youâ€™re really starting to connect the dots between your data, your model, and how well the two match. Letâ€™s break it down piece by piece ğŸ‘‡

ğŸŒŸ Step 1: The big idea
A residual tells you how far off your modelâ€™s prediction is from the actual data for a specific point.

Itâ€™s the â€œleftoverâ€ or â€œerrorâ€ between what really happened and what your linear model (the line of best fit) predicted should happen.

ğŸŒŸ Step 2: The formula
For each point:

Residual
=
Observed value
âˆ’
Predicted value
Residual=Observed valueâˆ’Predicted value
So if your linear model predicted a growth rate of 0.3,
but the actual observed growth rate was 0.4,
then

Residual
=
0.4
âˆ’
0.3
=
+
0.1
Residual=0.4âˆ’0.3=+0.1
ğŸŒŸ Step 3: What the sign tells you
Residual	What it means
Positive (+)	The model underestimated (actual was higher than predicted).
Negative (âˆ’)	The model overestimated (actual was lower than predicted).
Zero	The modelâ€™s prediction was spot-on for that point.
ğŸŒŸ Step 4: Why residuals matter
Residuals show how well your model fits the data:

If residuals are small and evenly scattered above and below zero â†’ good fit.

If residuals are large or show a pattern (like curving up or down) â†’ your line isnâ€™t capturing the true relationship well.

Think of it this way:

The trendline shows your â€œbest guess.â€

The residuals are how much each data point disagrees with that guess.

ğŸ’¡ Want to try a quick check?
If your model predicts a hatching success of 82% at a temperature of 33Â°C, but your actual observation at 33Â°C was 76%, whatâ€™s the residual?

(Try it â€” weâ€™ll use your answer to talk about how to interpret it.)

You said:","That is a great question. Understanding a residual is key to knowing how well a model fits your data!
A residual is defined as the quantity remaining after some value has been subtracted.
In statistics, specifically when using a linear model, a residual represents the difference between the actual value you observed (the data point) and the value the linear model predicted (the expected value).
Now, let's return to your previous confusion about the Normal Probability Distribution (NPD). You were asking about the connection between the mean, standard deviation (SD), and the percentages (68%, 95%, 99.7%).
As a reminder, what are the two key parameters that are necessary to define any Normal Probability Distribution? (Hint: One is the center, and one represents the spread or uncertainty.)","Short answer (10thâ€‘grade level): a residual is the difference between an observed value and the value your model predicts for that same case. Formula: residual = observed âˆ’ predicted (y âˆ’ yÌ‚).

What that means in plain language

If residual > 0: the observed value is larger than the model predicted (point lies above the fitted line).
If residual < 0: the observed value is smaller than predicted (point lies below the fitted line).
Residuals tell you how far off each prediction is and in which direction.
Why residuals matter

They measure how well the model fits each point. Small residuals â†’ good fit for that point; large residuals â†’ poor fit or possible outlier.
Examining all residuals (e.g., a residuals vs. x plot) helps you detect patterns that mean the model is wrong (nonlinearity, changing variance, outliers).
The standard error of the model (STEYX or residual standard deviation) summarizes the typical size of residuals across all points.
Quick example (very short)

Observed = 50, Predicted = 44 â†’ residual = 6 (the model underpredicted by 6).
Observed = 30, Predicted = 36 â†’ residual = âˆ’6 (the model overpredicted by 6).
Try one Would you like to practice computing a residual from one of your data rows? If so, type the observed value and the modelâ€™s predicted value (or the x so I can help compute the prediction) and Iâ€™ll guide you stepâ€‘byâ€‘step."
I'm lost on everything about the frequency distribution â€” the graphs and all the values.,"Let's break down frequency distributions and related graphs step by step to make it clearer for you:

Frequency Distribution:
Definition: Itâ€™s a table that displays the frequency (count) of various outcomes in a sample. Each entry in the table contains the frequency of occurrence of values within a range.
Purpose: It helps visualize and understand how data is distributed across different values or groups.
Histograms:
Graph Form: A histogram is a type of bar graph used to represent frequency distributions.
Construction: Each bar represents the frequency of data for an interval (or bin). The height of the bar indicates the frequency.
Use: It provides a visual summary of the data set, showing the distribution of variables.
Steps to Create a Frequency Distribution in Excel:
Data Preparation: Arrange your data in a column.
Select Data Range: Highlight your data.
Insert Chart: Go to 'Insert', select 'Insert Statistic Chart', and then choose 'Histogram'.
Interpreting Graphs:
Peaks and Shape: The shape reveals data characteristics â€” like skewness or symmetry.
Width of Bins: Adjusting them can show more detail or condense information. Would you like to go over a specific part of this process in more detail or work on a small example together? Let me know!","Thatâ€™s totally okay â€” frequency distributions are one of those things that â€œclickâ€ once you see how all the parts connect. Letâ€™s rebuild it slowly together, one idea at a time ğŸ‘‡

ğŸŒŸ Step 1: What a frequency distribution is
A frequency distribution just tells you how often each range of values occurs in your data.

Itâ€™s a way of organizing messy numbers into patterns you can see.

Example:
Say you recorded the number of astelar eggs at 10 nests:

2100, 2300, 2400, 2400, 2500, 2600, 2600, 2700, 2800, 2800
Thatâ€™s hard to look at as-is, right? So we group the data into bins (ranges).

ğŸŒŸ Step 2: Make the bins (the â€œcategoriesâ€)
You choose bin widths that make sense for your variable.
For example:

â‰¤2200

2200â€“2400

2400â€“2600

2600â€“2800

2800

Now, count how many data points fall into each bin.

ğŸŒŸ Step 3: Fill in the frequency table
Bin        Frequency (how many)
â‰¤2200        1
2200â€“2400        2
2400â€“2600        3
2600â€“2800        3
>2800        1
Thatâ€™s your frequency distribution table.

ğŸŒŸ Step 4: Turn it into a graph (histogram)
In Excel, you:

Highlight your data column.

Click Insert â†’ Histogram.

Format the bin widths and labels to match your table.

Each barâ€™s height = how many data points fall in that range.
Thatâ€™s why itâ€™s called a frequency distribution â€” it shows the distribution of frequencies.

ğŸŒŸ Step 5: What youâ€™re looking for
Youâ€™re checking the shape of the data:

Is it roughly bell-shaped (normal)?

Or skewed (more on one side)?

Are there outliers or gaps?

If the bars form a symmetrical, mound-like shape, your data might follow a normal distribution, which means you can use tools like the normal probability model (NORM.DIST) later on.

ğŸŒŸ Step 6: Try a mini practice
Letâ€™s pretend you have 8 growth-rate values:

â€“0.1, 0.0, 0.1, 0.1, 0.2, 0.3, 0.3, 0.4
ğŸ‘‰ Can you try guessing a few reasonable bin ranges (maybe something like â€“0.1â€“0.1, 0.1â€“0.3, 0.3â€“0.5)
and tell me how many data points fall in each one?

Weâ€™ll build your frequency table together from that.","That is completely normal! Frequency distributions, histograms, and using probability functions like NORM.DIST are new concepts for many students in BIO 181, especially since the lab activities are front-loaded with data analysis skills.
We need to understand how frequency distributions and normal probability distributions (NPDs) are used in the first assignment, Scientific Reasoning Act I, where you determine the quantity and quality of astelar eggs.
To get started, let's revisit the core purpose of a frequency distribution.
Based on the source materials, what is the main purpose of a frequency distribution? (Hint: Look in your key terms, specifically under the Statistics category.)","Youâ€™re not alone â€” frequency distributions and histograms mix a few related ideas, so Iâ€™ll keep this simple (10thâ€‘grade level) and then weâ€™ll work stepâ€‘byâ€‘step with your actual data.

Quick plainâ€‘language overview

Frequency distribution = a tally of how many observations fall into value ranges. Example: â€œ5 years had 0â€“99 prey per km2, 12 years had 100â€“199,â€ etc.
Histogram = a bar chart of that distribution. Each bar is a bin (a value range); bar height = frequency (count) or relative frequency (percent).
Bins/bin width = how wide each barâ€™s range is. Wider bins = smoother histogram; narrower bins = more detail. Bin choice changes appearance but not the underlying data.
Frequency vs. relative frequency vs. cumulative frequency:
Frequency = count in a bin (e.g., 8 years).
Relative frequency = count / total sample (e.g., 8/50 = 16%).
Cumulative frequency = running total up to that bin (useful for â€œfewer than Xâ€ questions).
Using the histogram to estimate probability (empirical approach): probability(value < X) â‰ˆ (number of observations < X) / N. If you use relative frequencies, just add bars left of X.
Connection to normal model: if the histogram is roughly bellâ€‘shaped, symmetric, and has no strong outliers or gaps, you can consider a normal model and then use the mean and SD with NORM.DIST to estimate probabilities. If itâ€™s skewed or multimodal, use the empirical count method above.
What to look for in the histogram to judge â€œnormalâ€:
Symmetry or near symmetry
Single peak (unimodal)
No long heavy tails or big outliers
Approximately the 68â€“95â€“99.7 rule when you check mean Â±1,2,3 SD (optional check)
Quick Excel reminders (if youâ€™re using Excel)

Insert â†’ Histogram (or use Data Analysis addâ€‘in)
Set bin width/overflow/underflow to match instructions (e.g., bin width = 200, overflow = 2800, underflow = 2200)
To compute probability â€œfewer than 2217â€ using data: COUNTIF(range, ""<2217"") / COUNT(range)
To compute probability using normal model: =NORM.DIST(2217, mean, sd, TRUE)
Next step (one question) Which dataset should we start with so I can guide you stepâ€‘byâ€‘step: Population A, Population B, or the eggs data?"
How do I determine if the data can be modeled with a normal probability distribution?,"To determine if your data can be modeled with a normal probability distribution, you can follow these steps:

Visual Inspection:
Histogram: Create a histogram of your data. If the shape is roughly bell-shaped and symmetric around the mean, it may suggest a normal distribution.
Q-Q Plot: This type of plot compares your data with a normal distribution. If the points closely follow a straight line, the data might be normally distributed.
Statistical Tests:
Shapiro-Wilk Test: This test checks the null hypothesis that your data is normally distributed.
Kolmogorov-Smirnov Test: Compares the sample with a normal distribution.
Characteristics to Evaluate:
Symmetry: Check if the data is symmetric around the mean.
Outliers: Normal distributions have few outliers.
Kurtosis and Skewness: Check these statistics, where a kurtosis close to 3 and skewness close to 0 could suggest normality.
Empirical Rule Check:
See if approximately 68% of data falls within 1 standard deviation of the mean, 95% within 2, and 99.7% within 3. These methods can help you assess whether a normal distribution is a good fit for your data. Would you like to explore one of these methods in more detail?","Thatâ€™s a fantastic question â€” it shows youâ€™re thinking like a scientist now, not just running formulas. Letâ€™s walk through this carefully, step by step ğŸ‘‡

ğŸŒŸ Step 1: What youâ€™re checking
Youâ€™re really asking:

â€œDoes my data form the bell-shaped, symmetric pattern that defines a normal distribution?â€

If it does â€” you can use a normal probability model (like NORM.DIST in Excel).
If not â€” you stick to frequency-based probabilities (counting method).

ğŸŒŸ Step 2: Use your frequency distribution (histogram) as a test
Hereâ€™s what to look for visually:

Property        What to look for        Why it matters
Shape        One clear peak in the middle        Normal distributions have one central peak.
Symmetry        Left and right sides look about the same        Bell curves are mirror-symmetric.
Tails        Frequencies taper gradually toward both extremes        Not cut off sharply or full of outliers.
If your histogram looks like a bell curve â€” thatâ€™s a good sign!

ğŸŒŸ Step 3: Check your summary statistics
A second way to check is to compare your mean and median:

If theyâ€™re close (roughly equal) â†’ the data are probably symmetric â†’ likely normal.

If theyâ€™re far apart â†’ itâ€™s skewed â†’ not normal.

ğŸŒŸ Step 4: Use Excel tools if you want to double-check
Excel has no single â€œnormality test,â€ but you can:

Make a histogram and add a normal curve overlay (using NORM.DIST).

Or make a Qâ€“Q plot (quantileâ€“quantile plot): points should fall roughly on a straight diagonal line if the data are normal.

ğŸŒŸ Step 5: Rule of thumb
If your histogram looks roughly like a bell curve and the mean â‰ˆ median,
then yes â€” itâ€™s reasonable to model your data with a normal probability distribution.

ğŸŒŸ Step 6: Quick check for you
Can you tell me what your dataset represents (for example, â€œnumber of eggs laid,â€ â€œhatching success,â€ or â€œcarcinogen concentrationâ€)?
If you describe what your histogram looks like, we can decide together if itâ€™s close enough to normal to use the normal model.","That's an insightful question! Deciding whether to use a Normal Probability Distribution (NPD) is a crucial step in the Scientific Reasoning assignments.
Recall that an NPD is a bell-shaped, symmetrical density curve that describes the probability of obtaining possible values for a variable.
How do you determine if a set of data (like the number of astelar eggs laid in past seasons, or the mean yolk mass) can be reasonably modeled by an NPD?
You must determine if the data meets the assumptions of a normal probability distribution.
Based on your source materials, what characteristics define a frequency distribution that is reasonably modeled by a normal probability distribution? (Hint: Look for terms related to shape and peaks).","Good question â€” quick check before I start: what grade level or math background should I aim for? If you donâ€™t answer, Iâ€™ll keep this at about a 10thâ€‘grade level.

Short answer (in one sentence) You decide by looking at the shape of the data (plots), checking a few simple summary numbers (mean vs median, skewness, kurtosis), and â€” if needed â€” running a normality test or comparing empirical percentages within Â±1, Â±2, Â±3 SD to the 68â€“95â€“99.7 rule.

Stepâ€‘byâ€‘step checklist you can use (one step at a time)

Make a histogram (and set sensible bin widths)

Look for a single peak (unimodal), roughly symmetric, and bellâ€‘shaped. Big skew or multiple peaks â†’ not normal.
Make a boxplot

Look for heavy outliers or a long whisker on one side (sign of skew).
Compare mean and median

If mean â‰ˆ median, that supports symmetry. Large differences suggest skew.
Compute skewness and kurtosis (Excel: =SKEW(range), =KURT(range))

Rule of thumb: skewness between âˆ’0.5 and 0.5 â†’ approximately symmetric; 0.5â€“1 (or âˆ’1 to âˆ’0.5) moderate skew; >1 severe.
Excess kurtosis near 0 is like a normal tail; large positive kurtosis means heavy tails.
Empirical rule check (use your mean and SD)

Calculate the percent of observations within mean Â±1 SD, Â±2 SD, Â±3 SD (use COUNTIF / divide by N).
Compare to ~68.2%, ~95.4%, ~99.7%. Close agreement supports normality; big differences argue against it.
Qâ€“Q (quantileâ€‘quantile) plot or normal probability plot

If points fall near the straight reference line, data are close to normal. Deviations at ends show tail problems.
Formal tests (optional)

Shapiroâ€‘Wilk or Andersonâ€‘Darling are common. They give a pâ€‘value; small p (e.g., <0.05) suggests nonâ€‘normality. These arenâ€™t built into basic Excel â€” use R, Python, or statistical software. Caveat: with big N, tiny departures become â€œsignificantâ€ even if unimportant; with small N, tests lack power.
Think about context

Do you expect the variable to be bounded or naturally skewed (counts, rates, proportions)? That affects whether normal is reasonable. For counts or highly skewed ecological measures, consider transforms (log) or nonâ€‘normal models.
How to decide (practical guidance)

If histogram â‰ˆ bell, mean â‰ˆ median, skewness small, Qâ€“Q close to line, and Â±1/2/3 SD proportions are roughly the empirical rule â†’ itâ€™s reasonable to model with a normal distribution.
If you see skew, multimodality, many outliers, or large disagreement with the empirical rule â†’ donâ€™t use the normal model; use empirical probabilities from counts or consider a transformation or a different distribution.
Want to try this on your data? If yes, pick one thing for me to help with now (choose one): A) Iâ€™ll guide you to make a histogram in Excel (one step at a time),
B) Iâ€™ll help you compute skewness/kurtosis and the Â±1/2/3 SD proportions, or
C) Iâ€™ll walk you through making a Qâ€“Q plot or running a normality test (tell me what software you have).

Reply A, B, or C and Iâ€™ll lead you through the next step."
I'm having trouble getting my bins to not overlap!,"When setting up bins in a histogram, it's important that they don't overlap. Follow these steps to avoid bin overlap:

Define Clear Bin Ranges:
Ensure that the start of one bin is the end of another. The bin limits need to be clearly defined to ensure no gaps or overlaps. For instance, if one bin ends at 10, the next should start at 10.1.
Adjust Bin Widths:
Choose a consistent width so that each range is uniform and boundaries do not overlap.
Use Excel's Auto Bin:
When inserting a histogram through Excel, you can enable auto binning, which should automatically adjust to prevent overlap.
Manual Adjustment:
Manually set bin ranges by right-clicking on the horizontal axis in your histogram chart, selecting ""Format Axis,"" and then inputting precise values under the bin width section. By carefully setting your bin values and widths, you should be able to avoid any overlapping. If you're still encountering issues, check the bin specifications in Excel or adjust your data ranges accordingly. Let me know if this resolves your issue or if there's anything more specific you'd like assistance with!","Ah, perfect â€” this is a very common Excel frustration! Letâ€™s fix it together step-by-step so you understand why bins overlap and how to make them clean.

ğŸŒŸ Step 1: Whatâ€™s happening
When your bins overlap, itâ€™s usually because Excel is auto-choosing your bin boundaries.
That means itâ€™s not using the nice, even cutoffs you want (like 2200â€“2400, 2400â€“2600, etc.).

Youâ€™ll fix this by setting your own bin width, overflow, and underflow values.

ğŸŒŸ Step 2: How to do it in Excel
Click once on your histogram to select it.

Right-click the x-axis (where your bin numbers or ranges appear).

Choose Format Axis.

Under Axis Options, look for the section called Bins â€” hereâ€™s where youâ€™ll set everything:

Bin width: the size of each range (for example, 200 if you want 2200â€“2400â€“2600...)

Underflow bin: your lowest bin start (for example, 2200)

Overflow bin: your highest bin end (for example, 2800)

That ensures bins look like:

â‰¤2200, 2200â€“2400, 2400â€“2600, 2600â€“2800, >2800
and they wonâ€™t overlap.

ğŸŒŸ Step 3: Why this matters
Bins should be equal width and non-overlapping so every data point falls in exactly one range.
Thatâ€™s what turns your data into a clean frequency distribution instead of a messy pile of bars.

ğŸŒŸ Step 4: Quick sanity check
If your x-axis labels still look weird (like showing single numbers instead of ranges), thatâ€™s normal â€” Excel labels bins by their upper bound.
For example, a bin labeled â€œ2400â€ actually means â€œ2200â€“2400.â€

Would you like to tell me what variable youâ€™re graphing (for example, egg counts, hatching rates, or carcinogen levels)?
I can help you pick exact bin boundaries that will make your histogram look neat and professional.","That is a very specific and common issue when creating histograms! It's great you are focusing on the precise details of data visualization for your Scientific Reasoning assignments.
First, let's connect this back to the overall goal: you are working on a frequency distribution to help predict the probability of observing specific values of a variable.
In Excel, when you create a histogram, the software automatically groups your continuous data into ranges called bins. If your bins appear to overlap, Excel's default behavior might be causing confusion, but the formatting instructions in your assignment memo give you exactly what you need to ensure the bins are defined correctly.
Let's look at the instructions for creating the frequency distribution in Appendix 1 (for the number of eggs laid) as an example:
â€¢ Bin width = 200
â€¢ Overflow bin = 2800
â€¢ Underflow bin = 2200
â€¢ The bins are: â‰¤2200, 2200-2400, 2400-2600, 2600-2800, >2800
Notice how the instructions define the ranges:
â€¢ The underflow bin includes all values less than or equal to 2200 (â‰¤2200).
â€¢ The second bin starts at 2200 and goes up to 2400 (2200-2400).
â€¢ The next bin is 2400-2600.
In Excel's histogram function, how does the program typically handle the exact boundary value (like 2200 or 2400)? Does it include the lower boundary value in the bin, or the upper boundary value?","I can help â€” quick clarifying question first (one thing at a time): when you say the bins â€œoverlap,â€ do you mean A) the numeric bin ranges themselves overlap (e.g., one bin is 0â€“100 and the next is 50â€“150), or B) the bars on the histogram are visually overlapping each other in the chart?

Also tell me which Excel version youâ€™re using (e.g., Excel 2016/365, Excel for Mac, or older)."
How do we calculate the probability?,"Calculating probability depends on the type of probability you're dealing with, so let's look at the basic steps:

Simple Probability:
Formula: 
Probability of an event
=
Number of favorable outcomes
Total number of possible outcomes
Example: Rolling a die and getting a 4. The probability is 
1
6
 because there's one favorable outcome and six possible outcomes.
Conditional Probability:
Deals with the probability of an event occurring given that another event has already occurred.
Example: Probability of drawing a king from a deck of cards after one ace has already been drawn.
Using Normal Distribution:
If your data is normally distributed, you can find probabilities using z-scores and standard normal distribution tables.
Example: To find the probability that a value is less than a certain amount, you calculate the z-score and refer to a z-table. Would you like to work on a specific type of probability or walk through a particular example?","Awesome â€” youâ€™ve done all the right prep by learning about the mean, standard deviation, and histograms first. Now youâ€™re ready for the fun part: turning those into probabilities.

Letâ€™s take it step-by-step ğŸ‘‡

ğŸŒŸ Step 1: What â€œprobabilityâ€ means here
Weâ€™re asking:

â€œWhatâ€™s the chance that a randomly chosen observation is at or below (or above) a certain value?â€

Example:

Whatâ€™s the probability that an egg hatches when the temperature is 33Â°C or lower?

ğŸŒŸ Step 2: The Excel function youâ€™ll use
In Excel, you calculate probabilities with:

=NORM.DIST(x, mean, standard_dev, TRUE)
where:

x = the value youâ€™re testing (your specific data point, like 33Â°C or a score of 80)

mean = the average of your dataset

standard_dev = how spread out your data are

TRUE = tells Excel to calculate the cumulative probability (the area under the curve up to that x value)

ğŸŒŸ Step 3: Interpreting that number
Letâ€™s say Excel gives you 0.72.
That means 72% of all observations are at or below that x value.

So if your x is 33Â°C, youâ€™d say:

â€œThereâ€™s a 72% probability that a temperature is 33Â°C or cooler.â€

ğŸŒŸ Step 4: If you need the probability above a value
Thatâ€™s when you flip it:

=1 - NORM.DIST(x, mean, standard_dev, TRUE)
Example:
If the probability â‰¤33Â°C is 0.72, then â‰¥33Â°C = 1 - 0.72 = 0.28 (or 28%).

ğŸŒŸ Step 5: Connecting it to the bell curve
Youâ€™re using the mean and standard deviation to locate your x on that bell curve.
The farther x is from the mean (in SD units), the smaller the probability â€” because extreme values are rarer.

ğŸŒŸ Step 6: Optional â€” the â€œrule of thumbâ€ shortcut
If you just need a rough estimate:

68% of values are within Â±1 SD

95% within Â±2 SD

99.7% within Â±3 SD

So for example, being more than 2 SD above the mean means thereâ€™s only about 2.5% chance of that happening.

To make it real:
Would you like to tell me what variable your mission memo is using (for example, number of eggs, hatching %, or growth rate)?
We can walk through one probability example using your actual mean, SD, and x.","That's the ultimate goal of the initial scientific reasoning assignments: calculating the probability of an outcome!
You've already established a few key concepts, including the definition of standard deviation (SD) and residuals. Now let's tie this back to calculating the probability of observing a value.
To calculate the probability of observing a specific value (like the number of eggs laid or the mean yolk mass) you must determine if the data can be reasonably modeled by a Normal Probability Distribution (NPD).
If the data is indeed modeled by an NPD, you can use the NORM.DIST function in Excel.
Let's start there. What two key parameters define any Normal Probability Distribution and must be calculated before you can use the NORM.DIST function?","Good â€” letâ€™s pick the method first so I can guide you stepâ€‘byâ€‘step.

Do you want to assume the data are approximately normal and use the normalâ€‘model method, or do you want to use the empirical/frequency method based only on the data you have? Reply ""normal"" or ""empirical"" and Iâ€™ll walk you through the next step."
What formula do we use to find that?,"To find probabilities related to a normal distribution, you typically use the Z-score formula, which helps standardize your data:

Z-score Formula:
Z
=
(
X
âˆ’
Î¼
)
Ïƒ
- $$X$$ is the value for which you are calculating the probability. - $$\mu$$ is the mean of the distribution. - $$\sigma$$ is the standard deviation of the distribution. 2. **Probability Calculation**: - Once you calculate the Z-score, you can use a standard normal distribution table (z-table) to find the probability corresponding to that Z-score. - The table provides cumulative probabilities that a value is equal to or less than a given z-score. Would you like to work through an example using the Z-score, or do you have specific data you need help with?","Excellent â€” youâ€™re right at the key moment where you connect everything youâ€™ve learned! ğŸ§ 

Letâ€™s make sure weâ€™re talking about the right kind of probability, because there are two main formulas youâ€™ll use depending on what your data looks like.

ğŸŒŸ CASE 1: Using the normal probability distribution (for continuous data)
This is what your Scientific Reasoning and Cell Biology missions usually want â€” when youâ€™re working with something like temperature, growth rate, or concentration.

âœ… Formula (in Excel)
=NORM.DIST(x, mean, standard_dev, TRUE)
ğŸ§© What each part means:
Symbol        Meaning        Example
x        The specific value youâ€™re finding the probability for        33Â°C
mean        The average of your data        30Â°C
standard_dev        How spread out your data are        2Â°C
TRUE        Gives the cumulative probability (â‰¤ x)        â€”
Example:
=NORM.DIST(33, 30, 2, TRUE)
â†’ gives 0.933 = 93.3% probability that temperature â‰¤ 33Â°C.

If you need greater than 33Â°C:

=1 - NORM.DIST(33, 30, 2, TRUE)
â†’ gives 6.7% probability that temperature â‰¥ 33Â°C.

ğŸŒŸ CASE 2: Using a frequency distribution (when data are not normal)
If your histogram is not bell-shaped, you instead use:

P
(
event
)
=
number of occurrences of the event
total number of observations
P(event)= 
total number of observations
number of occurrences of the event
â€‹
 
Example:
You collected 20 water samples, and 3 had >10 Âµg/L of carcinogen.

P
(
carcinogen > 10 Âµg/L
)
=
3
20
=
0.15
=
15
%
P(carcinogen > 10 Âµg/L)= 
20
3
â€‹
 =0.15=15%
Thatâ€™s the relative frequency method your Cell Biology Act I mission talks about.

So, to decide which formula to use:

âœ… If your histogram looks normal â†’ use NORM.DIST.

âš ï¸ If itâ€™s clearly skewed â†’ use the frequency method (counts / total).

Would you like to tell me what variable youâ€™re analyzing (like egg counts, hatching %, or carcinogen concentration)?
Then I can show you exactly which of these two formulas fits your case and how to plug it in.","That's the perfect question for moving forward! You are asking for the specific formula (or Excel function) needed to calculate probability within a Normal Probability Distribution (NPD).
You are correct that you need to use the calculated mean (the center) and standard deviation (the spread or uncertainty) to find the probability.
The Excel function used to calculate the probability of observing a value less than or equal to a specific observed value is the NORM.DIST function.
What is the specific syntax (the structure and required inputs) for the NORM.DIST function in Excel, according to the sources? (Hint: It requires four pieces of information).","Quick clarifying question (one thing at a time): which â€œthatâ€ do you mean?

Reply with one word:

""normal"" â€” formula to get P(fewer than 2217) using a normal model
""empirical"" â€” formula to get P(fewer than 2217) from the data counts
""growth"" â€” formula to get the expected growth rate given a prey density
Tell me which and Iâ€™ll guide you stepâ€‘byâ€‘step. Also, what grade level should I aim for? (If you donâ€™t answer, Iâ€™ll keep it at about 10thâ€‘grade level.)"
I don't know what to do.,"If you're feeling unsure where to start, let's break it down into steps to clarify how you can approach a normal distribution problem:

Identify the Data Points:
Collect the data values you are interested in analyzing, including the mean (
Î¼
) and standard deviation (
Ïƒ
) if you're working with a normal distribution.
Calculating the Z-score:
Use the formula: 
Z
=
(
X
âˆ’
Î¼
)
Ïƒ
.
X
 is the specific data point you are examining.
This formula standardizes your data point, showing how many standard deviations it is from the mean.
Using the Z-table:
Once you have the Z-score, look it up in a Z-table to find the probability.
The table shows the probability that a value is less than or equal to your specific data point.
Interpreting the Probability:
The value from the Z-table represents the area (or probability) under the normal curve to the left of your Z-score. Can you tell me which part of this process feels unclear, or is there a specific step you'd like more details on? Let me know, and we'll tackle it together!","Hey â€” take a deep breath. â¤ï¸
Youâ€™re not alone in feeling lost here â€” this is the hardest part of learning how statistics connect to real data. Letâ€™s slow it down and go one gentle step at a time together, okay?

ğŸ§­ Step 1: Letâ€™s figure out where you are
Can you tell me what assignment or mission memo youâ€™re working on right now?
(For example: Hatching, Cancer in spotted gliders, or Megaraffe physiology?)

That will tell me whether youâ€™re supposed to calculate probability using the normal distribution or frequency method â€” because the steps are slightly different in each mission.

ğŸ§© Step 2: What you already know
You already understand:

What mean is âœ…

What standard deviation is âœ…

What frequency distributions show âœ…

Thatâ€™s perfect â€” those are the exact building blocks you need to calculate a probability.

ğŸ’¡ Step 3: What Iâ€™ll help you do next
Once you tell me which assignment youâ€™re in, Iâ€™ll:

Explain which formula you need for that exact task (no guessing).

Show you where to find your numbers (mean, SD, and X).

Walk you through how to type it into Excel, one click at a time.

Letâ€™s start with this:
ğŸ‘‰ What does your assignment ask you to find the probability of?
(For example: â€œprobability that concentration > 10 Âµg/Lâ€ or â€œprobability that growth rate â‰¥ 0â€).

Once I know that, I can show you exactly what to do next.

You said:","It sounds like we've covered the crucial foundational concepts (mean, standard deviation, residuals, frequency distributions, and the function needed for probability), but you're still feeling stuck on how to put it all together. That is perfectly okay!
The confusion often comes when moving from defining these terms to applying them to solve the real problem, which is determining if the astelars' eggs are at risk in the Scientific Reasoning Act I assignment.
We just established that if the data is modeled by a Normal Probability Distribution (NPD), we use the NORM.DIST function to calculate probability.
Let's review the required syntax for the NORM.DIST function:
=norm.dist(observed_value, mean, standard_deviation, TRUE)
The ultimate goal of Appendix 1 of that assignment is to determine the probability of observing fewer than 2217 eggs laid in a past breeding season.
Based on the required inputs for NORM.DIST, which three specific values from the past breeding seasons' data do you need to calculate or find before you can estimate this probability?","I can help â€” quick first question (one thing at a time): what grade level or math background should I aim for when I explain this (e.g., 10th grade, introâ€‘college stats, or advanced)?"
"About the upper bins, histogram â€šAI sometimes we do an overflow. When we do the upper bins in its own column, what's the standard for making those bins?","When creating the ""overflow"" bin for upper values in a histogram, you're essentially accounting for values that exceed your predefined bins. Here's how you can structure those upper bins:

Determine the Range:
Identify the maximum value in your dataset.
Decide a sensible upper limit that can accommodate any outliers or exceptionally high values.
Overflow Bin:
This bin should include all data values above your last regular bin's upper limit.
It's often labeled something like â€œGreater than Xâ€ or â€œX+â€, where X is the upper limit of the last regular bin.
Consistency in Widths:
While your main datasets should have consistent bin widths, the overflow bin can be wider. It serves to catch anything beyond the usual range.
Excel Steps:
When inserting a histogram, manually add this overflow category in your data range if Excel doesn't automatically do it. By creating this additional bin, you ensure no data is excluded from your analysis. Would you like more details on setting this up in Excel or any other part of creating histograms?","Ah â€” excellent, youâ€™re asking about how to handle the overflow bin (the very top range) when you make a frequency table for your histogram. Thatâ€™s a really good sign that youâ€™re thinking like a data analyst now. ğŸ™Œ

Letâ€™s go step-by-step, nice and clear:

ğŸŒŸ Step 1: What the overflow bin does
The overflow bin is there to catch any values that are greater than your last bin range.
Itâ€™s like a â€œsafety netâ€ at the top of your histogram so nothing gets left out.

Example:
If your bins are 2200â€“2400, 2400â€“2600, 2600â€“2800,
then anything above 2800 would go into an overflow bin labeled â€œ>2800.â€

ğŸŒŸ Step 2: How to make it in Excel
If youâ€™re building a frequency table manually, youâ€™d do this:

Bin Upper Bound        Frequency
2200        (count of values â‰¤ 2200)
2400        (count of values â‰¤ 2400)
2600        (count of values â‰¤ 2600)
2800        (count of values â‰¤ 2800)
Overflow (>2800)        (count of values > 2800)
When you make your histogram in Excel:

Right-click the x-axis â†’ Format Axis.

Under Bins, turn Overflow Bin ON.

Set the overflow number to match the top of your range (e.g., 2800).

ğŸŒŸ Step 3: Whatâ€™s the â€œstandardâ€ for upper bins?
There isnâ€™t one strict rule, but here are the usual standards scientists follow:

Situation        What to do
You know your dataâ€™s natural limit (like temperature or % canâ€™t go above 100)        Set the last bin so it ends at that logical max.
Your last bin still has several data points        Add one overflow bin thatâ€™s about the same width as your other bins.
Your last bin has few or no data points        No need to make an overflow â€” just stop at a round number above your biggest value.
So your overflow bin should:

Be about the same width as your other bins, or

Start just above your last regular bin and include everything above it.

ğŸŒŸ Step 4: Quick example
If your data go up to 2975 eggs, and your bin width is 200, you might set:

Underflow: â‰¤2200

Bins: 2200â€“2400, 2400â€“2600, 2600â€“2800

Overflow: >2800

That way, 2975 falls neatly into the â€œoverflowâ€ range and the histogram looks tidy.

Would you like to tell me what your variable is (like egg counts or growth rate)?
I can show you exactly how to set the last bin and overflow number for your dataset.","That is a very detailed question about creating histograms in Excel, which is a key skill for visualizing frequency distributions in the Scientific Reasoning modules.
It sounds like you are asking about the general process of defining the highest bin category, often called the overflow bin, when constructing a frequency distribution.
In practice, the standard for making the highest bin category depends heavily on your data and goals. However, based on the formatting instructions provided for your assignments, the standard practice is to use an Overflow bin to capture all values above a certain point.
For example, when creating the histogram for the number of astelar eggs (Appendix 1 of Scientific Reasoning Act I), the instructions define the following:
1. Bin width: 200.
2. Overflow bin: 2800.
3. The Bins are: â‰¤2200, 2200-2400, 2400-2600, 2600-2800, >2800.
In this example, the overflow bin is set at the specific value of 2800, which means the final category includes all data points greater than 2800.
Why might an instructor or scientist choose a specific overflow bin value?","Good question â€” letâ€™s make this simple and practical.

Quick question (one thing at a time): are you using Excelâ€™s builtâ€‘in Histogram chart (Format â†’ Axis â†’ Overflow bin option) or are you building a frequency table manually in its own column? Reply â€œExcelâ€ or â€œManualâ€ and Iâ€™ll tailor the next tip.

Meanwhile, here are the general standards and a small checklist you can use now:

Purpose of an overflow (upper) bin
It collects all values above a chosen cutoff so the histogram doesnâ€™t need a bar for every extreme value. Label it clearly (e.g., â€œ> 2800â€).
How to choose the cutoff
Pick a round, meaningful number beyond the main bulk of the data (e.g., a multiple of your chosen bin width).
Common practice: set cutoffs so interior bins are a constant width (e.g., 200), then make overflow anything above the last interior upper bound.
Make sure bins donâ€™t overlap
Use a consistent rule for interval endpoints. Two common choices:
Rightâ€‘closed intervals: (lower, upper] â€” for example 2200 < x â‰¤ 2400. First bin can be â‰¤2200.
Leftâ€‘closed intervals: [lower, upper) â€” for example 2200 â‰¤ x < 2400.
Pick one convention and apply it to every bin. That prevents overlap or gaps.
How Excel treats bins (important)
Excelâ€™s Histogram dialog uses bin numbers as the upper boundary for each bin (values equal to the bin value go into that bin). If you check â€œOverflow binâ€ and set it to 2800, Excel will put every value > 2800 into that overflow bar.
If you build a manual table, use COUNTIFS and the same endpoint convention you chose. Examples:
Overflow count: =COUNTIF(range, "">2800"")
Interior bin (rightâ€‘closed example): =COUNTIFS(range, "">2200"", range, ""<=2400"")
Labeling the overflow bin
Put a clear label like â€œ> 2800â€ or â€œâ‰¥ 2801â€ depending on your interval convention; clarity beats cleverness.
Small practical tips
Keep interior bins equal width if you want an interpretable shape.
If extremes are rare, a single overflow bin is fine; if many values exceed the cutoff, choose a larger cutoff or add more bins.
Document your convention in your writeâ€‘up (so someone reading your chart knows how you counted boundary values).
If you tell me â€œExcelâ€ or â€œManualâ€ Iâ€™ll show the exact steps or the exact COUNTIFS formulas to use with your chosen cutoff."
What is the difference between a scatter plot and a line plot?,"Let's delve into the differences between scatter plots and line plots:

Scatter Plot:
Purpose: Used to explore the relationship between two quantitative variables by displaying individual data points on a graph.
Characteristics: Each point represents a pair of values for the variables being analyzed. The plot doesn't necessarily imply a continuous relationship like a line plot.
Common Use: Ideal for identifying correlations or patterns between variables, such as a relationship between study time and exam scores.
Line Plot:
Purpose: Used to visualize the trend or pattern over a range of values, often depicting how a variable changes over time (time series).
Characteristics: Points are connected by straight lines. This implies a continuous relationship between the variables.
Common Use: Often used in time series data, such as tracking stock prices over days or months. In summary, while a scatter plot focuses on individual data points, a line plot emphasizes continuous trends between those points. Does this help clarify their differences?","Perfect question â€” this one trips up a lot of people because at first they look kind of similar!
Letâ€™s slow it down and make the difference clear in your own words by the end, okay?

ğŸŒŸ Step 1: Start with what they have in common
Both scatter plots and line plots show relationships between two variables â€” they both use an x-axis and a y-axis.
So they look like dots or lines on a coordinate grid.

ğŸŒŸ Step 2: The key difference
Feature        Scatter Plot        Line Plot
Purpose        Show individual data points â€” how two continuous variables relate.        Show a trend or change over time â€” how one variable changes in sequence.
What you plot        Pairs of measured values (e.g., temperature vs. hatching success).        A continuous line connecting points (e.g., year vs. population size).
Connection between points        Points are not connected because each one is an independent observation.        Points are connected by lines because they happen in order.
Used for        Correlation, regression, modeling relationships.        Time series, trends, or categories in order.
ğŸŒŸ Step 3: How to tell which to use
If both your variables are continuous and measured pairs (like temperature and growth rate) â†’ use a scatter plot.
(You might add a trendline later to show the overall pattern.)

If your x-axis is time (like years, days, or trial order) or if data points depend on the one before them â†’ use a line plot.

ğŸŒŸ Step 4: Quick practice check
Letâ€™s say your data are:

X-axis: Temperature (Â°C)

Y-axis: % of eggs hatched

â¡ï¸ Which one would you use â€” scatter plot or line plot?

(You try answering, and Iâ€™ll tell you if your reasoning matches how scientists think about it.)","That is an excellent question! The difference is key to understanding whether you are viewing individual data points or calculated summaries, which depends on the type of data you are analyzing.
In the context of data analysis for your assignments:
1. Scatter Plot (X Y Scatter): This type of plot is used to visualize the relationship between two continuous variables (like prey density and growth rate, or study time and exam performance). Each marker represents a single paired observation (an individual data point).
2. Line Plot (often called Dot Plot with Whiskers): When creating models for categorical data (like the presence or absence of Growth Factor L), you typically use a line chart format with markers but no line connecting them. This type of chart plots mean values for each category, and the dots are usually accompanied by error bars showing the standard deviation.
In short: Scatter plots show the raw data pairs for continuous relationships, while line/dot plots in the assignments often show the calculated means and uncertainty for categorical relationships.
Now, let's return to your original question about calculating probability using the Normal Probability Distribution (NPD).
You correctly identified that the NPD requires the observed value, the mean, and the standard deviation to function. We were discussing what three specific values you need to calculate or find for the Scientific Reasoning Act I assignment before you can use the NORM.DIST function.
What were those three values?","Good question â€” short answer first, then a few practical tips.

Short answer

Scatter plot: shows individual data points for two quantitative variables (x and y) to reveal their relationship. Points are typically NOT connected.
Line plot (line chart): connects points in order (usually over time or another ordered x) to show how a variable changes across that order.
Key differences (10thâ€‘grade level)

Purpose
Scatter: explore the relationship or association between two numeric variables (e.g., height vs. weight).
Line: show trends or changes over an ordered sequence (e.g., temperature by month).
Appearance
Scatter: just markers (dots). You can add a fitted trendline (regression) if you want to summarize the relationship.
Line: markers often connected by lines; the lines imply continuity between adjacent x values.
When connecting points is okay
Use a line when the xâ€‘axis is ordered and intermediate values make sense (time, distance, continuous measures).
Donâ€™t connect points when x is categorical or the order is arbitrary â€” connecting would imply false continuity.
Interpretation
Scatter lets you see correlation, clusters, outliers, or nonlinearity.
Line emphasizes trend and direction over time; it can hide pointâ€‘toâ€‘point variability if you only look at the line.
Quick Excel tip

To make a scatter: Insert â†’ Scatter (choose markers or markers + smooth line).
To make a line chart: Insert â†’ Line.
If your x values are actual numeric/time values and not simply categories spaced equally, use a Scatter with lines for correct spacing.
Tiny practice question (one thing at a time) Tell me the x variable for your chart: is it â€œtime/years/monthsâ€ or is it a categorical variable (like species or treatment)? Iâ€™ll tell you which plot to use."
"If there are 10 values in the data set, is the median two numbers then?","Yes, you are correct! When a dataset has an even number of values, such as 10, the median is calculated by finding the average of the two middle numbers. Here's how you can determine the median in such a case:

Sort the Data: Arrange the values in ascending order.
Identify the Middle Values: For 10 values, these would be the 5th and 6th values after sorting.
Calculate the Median: Take the average of the 5th and 6th values. For example, if your sorted data is: ```math 2, 4, 5, 6, 7, 8, 9, 10, 11, 12
then the median would be: $$\frac{7 + 8}{2} = 7.5$$. Does that make sense? If you have a specific dataset you're working with, feel free to share, and we can walk through it together!","Excellent â€” thatâ€™s exactly the kind of detail careful scientists notice. ğŸ‘

Letâ€™s work it through together:

ğŸŒŸ Step 1: What the median means
The median is the middle value when all your data are lined up from smallest to largest.
It splits your data so that half the values are below it and half are above it.

ğŸŒŸ Step 2: Even vs. odd number of data points
Number of data points	What happens
Odd (like 9)	Thereâ€™s one clear middle number â†’ thatâ€™s your median.
Even (like 10)	Thereâ€™s no single middle value â†’ so you take the average of the two middle numbers.
ğŸŒŸ Step 3: Example
Data set (sorted):
3, 5, 6, 8, 9, 10, 12, 13, 15, 18

There are 10 values, so we take the 5th and 6th numbers:

(9 + 10) Ã· 2 = 9.5
âœ… The median = 9.5

So yes â€” youâ€™re totally right:
If there are 10 values, the median is the mean (average) of the two middle ones.

Would you like to try finding the median of your actual dataset? You can list the numbers (or describe them), and Iâ€™ll help you double-check your reasoning.","That is an excellent question and targets a common point of confusion when calculating the median!
The median is defined as the central value in an ordered set of numbers.
When you have a data set with an even number of values, like 10, there is no single ""middle"" position. Instead, the middle falls exactly between two numbers.
If you have 10 values arranged from smallest to largest:
1. Which two position numbers mark the middle of that ordered list?
2. Once you identify those two numbers, what mathematical operation must you perform on them to find the single central value (the median)?","Short answer: Yes â€” when you have an even number of values (like 10), the median is the average of the two middle numbers after you sort the data.

Quick howâ€‘to (one step at a time)

Sort the 10 values from smallest to largest.
Pick the 5th and 6th values (for n = 10 the middle positions are n/2 = 5 and n/2 + 1 = 6).
Median = (value at position 5 + value at position 6) / 2.
Would you like a quick example or to compute the median for your 10 numbers? Reply ""example"" or paste your numbers and reply ""compute"" and Iâ€™ll guide you stepâ€‘byâ€‘step."